year,canton,registered_hotels,available_beds,bed_occupancy
2026,Schweiz,3'961,275'047,44.8%
2026,Zürich,282,36'297,49.5%
2026,Bern,571,36'093,49.1%
2026,Luzern,173,13'499,49.3%
2026,Uri,56,2'399,32.5%
2026,Schwyz,75,4'690,38.3%
2026,Obwalden,59,3'949,42.6%
2026,Nidwalden,33,2'188,41.7%
2026,Glarus,40,1'524,29.7%
2026,Zug,27,1'989,41.9%
2026,Freiburg,91,4'183,35.4%
2026,Solothurn,69,3'379,32.3%
2026,Basel-Stadt,59,9'377,44.1%
2026,Basel-Landschaft,43,2'565,31.0%
2026,Schaffhausen,25,1'102,33.7%
2026,Appenzell-Ausserrhoden,43,1'347,22.4%
2026,Appenzell-Innerrhoden,32,1'629,35.5%
2026,St. Gallen,184,9'182,33.0%
2026,Graubünden,563,40'229,45.0%
2026,Aargau,118,6'368,39.0%
2026,Thurgau,80,3'214,32.5%
2026,Tessin,331,16'213,43.5%
2026,Waadt,256,21'244,40.0%
2026,Wallis,501,28'964,48.1%
2026,Neuenburg,56,2'325,30.4%
2026,Genf,125,19'307,53.7%
2026,Jura,68,1'792,18.2%
2025,Schweiz,3'963,272'283,46.0%
2025,Zürich,279,35'727,53.6%
2025,Bern,573,35'614,50.7%
2025,Luzern,172,13'643,51.5%
2025,Uri,55,2'372,34.6%
2025,Schwyz,75,4'425,39.9%
2025,Obwalden,58,3'841,43.4%
2025,Nidwalden,34,2'240,42.5%
2025,Glarus,38,1'482,30.7%
2025,Zug,27,2'018,41.8%
2025,Freiburg,94,3'974,36.8%
2025,Solothurn,68,3'334,35.6%
2025,Basel-Stadt,62,9'493,48.9%
2025,Basel-Landschaft,45,2'590,31.7%
2025,Schaffhausen,26,1'124,35.2%
2025,Appenzell-Ausserrhoden,45,1'344,24.9%
2025,Appenzell-Innerrhoden,33,1'684,34.1%
2025,St. Gallen,191,9'293,33.9%
2025,Graubünden,547,38'900,44.1%
2025,Aargau,124,6'419,40.5%
2025,Thurgau,84,3'267,32.3%
2025,Tessin,333,16'486,43.0%
2025,Waadt,256,21'193,41.1%
2025,Wallis,497,28'482,47.4%
2025,Neuenburg,59,2'455,31.7%
2025,Genf,123,19'180,55.1%
2025,Jura,66,1'701,19.6%
2024,Schweiz,3'999,271'046,44.9%
2024,Zürich,284,35'047,52.6%
2024,Bern,576,35'546,51.1%
2024,Luzern,173,13'493,50.2%
2024,Uri,56,2'457,32.6%
2024,Schwyz,79,4'399,40.7%
2024,Obwalden,57,3'762,42.8%
2024,Nidwalden,35,2'323,37.6%
2024,Glarus,37,1'461,30.3%
2024,Zug,28,1'971,38.3%
2024,Freiburg,95,3'951,34.4%
2024,Solothurn,64,3'259,36.8%
2024,Basel-Stadt,62,9'291,46.1%
2024,Basel-Landschaft,45,2'530,31.7%
2024,Schaffhausen,26,1'209,31.9%
2024,Appenzell-Ausserrhoden,44,1'312,25.9%
2024,Appenzell-Innerrhoden,33,1'616,34.8%
2024,St. Gallen,193,9'373,33.1%
2024,Graubünden,556,38'838,42.3%
2024,Aargau,127,6'235,40.3%
2024,Thurgau,88,3'332,33.1%
2024,Tessin,329,16'505,41.3%
2024,Waadt,256,20'993,39.3%
2024,Wallis,507,28'250,46.8%
2024,Neuenburg,59,2'414,31.3%
2024,Genf,126,19'808,52.4%
2024,Jura,66,1'673,21.0%
2023,Schweiz,4'005,263'968,45.2%
2023,Zürich,285,33'226,52.8%
2023,Bern,575,34'362,51.9%
2023,Luzern,176,13'476,48.2%
2023,Uri,53,2'335,34.6%
2023,Schwyz,80,4'394,40.0%
2023,Obwalden,55,3'671,42.6%
2023,Nidwalden,37,2'361,37.6%
2023,Glarus,39,1'477,29.4%
2023,Zug,27,1'934,39.5%
2023,Freiburg,97,4'026,34.8%
2023,Solothurn,66,3'286,36.8%
2023,Basel-Stadt,64,9'409,43.2%
2023,Basel-Landschaft,47,2'579,29.7%
2023,Schaffhausen,23,1'169,33.6%
2023,Appenzell-Ausserrhoden,43,1'268,27.2%
2023,Appenzell-Innerrhoden,33,1'634,33.5%
2023,St. Gallen,199,9'244,34.4%
2023,Graubünden,561,39'653,41.1%
2023,Aargau,129,5'739,40.7%
2023,Thurgau,85,3'104,35.2%
2023,Tessin,323,15'883,43.9%
2023,Waadt,257,19'095,43.1%
2023,Wallis,509,28'071,47.7%
2023,Neuenburg,56,2'255,34.0%
2023,Genf,123,18'710,52.2%
2023,Jura,63,1'605,22.1%
2022,Schweiz,4'020,257'641,42.5%
2022,Zürich,281,32'511,45.7%
2022,Bern,579,33'324,47.6%
2022,Luzern,176,13'136,42.8%
2022,Uri,57,2'350,38.5%
2022,Schwyz,82,3'770,43.6%
2022,Obwalden,54,3'565,36.9%
2022,Nidwalden,39,2'387,34.1%
2022,Glarus,34,1'334,30.9%
2022,Zug,26,1'922,36.2%
2022,Freiburg,98,3'981,33.5%
2022,Solothurn,71,3'473,33.3%
2022,Basel-Stadt,64,9'285,38.7%
2022,Basel-Landschaft,45,2'131,30.1%
2022,Schaffhausen,23,1'130,33.9%
2022,Appenzell-Ausserrhoden,43,1'249,26.7%
2022,Appenzell-Innerrhoden,34,1'670,31.8%
2022,St. Gallen,200,9'208,32.9%
2022,Graubünden,573,40'091,41.8%
2022,Aargau,129,5'374,37.0%
2022,Thurgau,84,2'978,36.9%
2022,Tessin,316,15'741,46.0%
2022,Waadt,254,18'007,42.0%
2022,Wallis,516,28'082,44.4%
2022,Neuenburg,60,2'312,32.9%
2022,Genf,120,17'070,47.8%
2022,Jura,63,1'559,22.0%
2021,Schweiz,3'919,244'026,34.9%
2021,Zürich,263,27'948,27.4%
2021,Bern,582,32'774,36.3%
2021,Luzern,173,12'333,31.6%
2021,Uri,57,2'358,36.5%
2021,Schwyz,77,3'667,43.4%
2021,Obwalden,53,3'546,28.9%
2021,Nidwalden,37,2'362,28.9%
2021,Glarus,33,1'233,27.8%
2021,Zug,25,1'898,27.3%
2021,Freiburg,92,3'889,28.6%
2021,Solothurn,69,3'398,29.1%
2021,Basel-Stadt,59,8'476,25.9%
2021,Basel-Landschaft,44,2'079,25.2%
2021,Schaffhausen,21,1'017,32.8%
2021,Appenzell-Ausserrhoden,42,1'228,28.4%
2021,Appenzell-Innerrhoden,34,1'662,34.6%
2021,St. Gallen,194,8'611,29.0%
2021,Graubünden,580,39'031,39.8%
2021,Aargau,122,5'197,28.3%
2021,Thurgau,80,3'002,40.4%
2021,Tessin,309,15'474,54.1%
2021,Waadt,245,17'326,34.0%
2021,Wallis,508,27'122,38.9%
2021,Neuenburg,57,2'138,34.0%
2021,Genf,105,14'789,28.5%
2021,Jura,60,1'470,23.8%
2020,Schweiz,3'801,228'641,30.4%
2020,Zürich,256,25'789,21.7%
2020,Bern,568,30'867,32.6%
2020,Luzern,172,11'768,25.7%
2020,Uri,54,2'280,33.1%
2020,Schwyz,78,3'613,33.1%
2020,Obwalden,48,3'118,31.0%
2020,Nidwalden,36,2'200,23.5%
2020,Glarus,34,1'273,25.9%
2020,Zug,25,1'853,20.7%
2020,Freiburg,95,3'890,22.7%
2020,Solothurn,72,3'314,24.2%
2020,Basel-Stadt,57,8'011,19.3%
2020,Basel-Landschaft,46,1'997,21.2%
2020,Schaffhausen,21,966,28.4%
2020,Appenzell-Ausserrhoden,43,1'213,23.2%
2020,Appenzell-Innerrhoden,31,1'492,34.3%
2020,St. Gallen,194,8'301,24.2%
2020,Graubünden,550,36'229,40.1%
2020,Aargau,128,5'287,22.1%
2020,Thurgau,90,3'150,30.5%
2020,Tessin,281,14'212,39.7%
2020,Waadt,246,16'819,26.6%
2020,Wallis,464,24'130,41.3%
2020,Neuenburg,51,1'803,27.7%
2020,Genf,101,13'576,21.6%
2020,Jura,60,1'489,18.7%
2019,Schweiz,4'234,253'071,44.8%
2019,Zürich,286,29'336,55.9%
2019,Bern,622,33'201,49.5%
2019,Luzern,187,12'571,49.6%
2019,Uri,63,2'492,36.1%
2019,Schwyz,86,3'846,42.2%
2019,Obwalden,59,4'135,44.2%
2019,Nidwalden,39,2'393,39.5%
2019,Glarus,38,1'417,28.5%
2019,Zug,26,1'884,41.3%
2019,Freiburg,102,4'236,31.8%
2019,Solothurn,78,3'290,37.0%
2019,Basel-Stadt,62,9'171,43.0%
2019,Basel-Landschaft,48,2'222,35.7%
2019,Schaffhausen,25,1'189,35.1%
2019,Appenzell-Ausserrhoden,50,1'395,23.3%
2019,Appenzell-Innerrhoden,35,1'685,28.6%
2019,St. Gallen,208,8'727,32.2%
2019,Graubünden,601,38'857,40.8%
2019,Aargau,143,5'780,36.4%
2019,Thurgau,105,3'438,33.0%
2019,Tessin,327,15'681,41.8%
2019,Waadt,272,18'921,44.0%
2019,Wallis,531,27'868,45.5%
2019,Neuenburg,56,1'846,34.2%
2019,Genf,124,15'935,55.2%
2019,Jura,64,1'557,19.9%
2018,Schweiz,4'275,251'679,44.6%
2018,Zürich,279,27'709,56.7%
2018,Bern,629,33'309,48.9%
2018,Luzern,186,12'491,48.9%
2018,Uri,67,2'419,32.5%
2018,Schwyz,86,3'824,42.0%
2018,Obwalden,60,4'183,46.6%
2018,Nidwalden,40,2'438,38.4%
2018,Glarus,41,1'509,27.1%
2018,Zug,28,1'980,42.5%
2018,Freiburg,101,3'974,31.6%
2018,Solothurn,77,3'236,37.2%
2018,Basel-Stadt,63,9'026,42.5%
2018,Basel-Landschaft,52,2'306,34.6%
2018,Schaffhausen,25,1'177,37.1%
2018,Appenzell-Ausserrhoden,52,1'442,24.6%
2018,Appenzell-Innerrhoden,35,1'693,27.3%
2018,St. Gallen,215,8'866,32.0%
2018,Graubünden,607,39'264,40.5%
2018,Aargau,146,5'703,35.7%
2018,Thurgau,107,3'452,34.8%
2018,Tessin,323,15'582,41.4%
2018,Waadt,273,18'754,43.7%
2018,Wallis,538,28'057,44.3%
2018,Neuenburg,58,1'933,32.7%
2018,Genf,122,15'828,56.1%
2018,Jura,65,1'525,19.4%
2017,Schweiz,4'369,250'990,43.0%
2017,Zürich,284,26'517,56.1%
2017,Bern,640,32'992,47.0%
2017,Luzern,187,12'635,46.8%
2017,Uri,75,2'588,29.3%
2017,Schwyz,85,3'860,39.4%
2017,Obwalden,62,4'233,43.9%
2017,Nidwalden,38,1'898,37.0%
2017,Glarus,45,1'541,25.4%
2017,Zug,30,2'062,41.1%
2017,Freiburg,106,4'046,31.1%
2017,Solothurn,76,3'240,35.7%
2017,Basel-Stadt,64,8'834,41.8%
2017,Basel-Landschaft,54,2'355,33.5%
2017,Schaffhausen,25,1'243,34.7%
2017,Appenzell-Ausserrhoden,53,1'502,23.7%
2017,Appenzell-Innerrhoden,34,1'589,29.1%
2017,St. Gallen,229,9'155,30.9%
2017,Graubünden,611,38'827,38.6%
2017,Aargau,146,5'657,35.5%
2017,Thurgau,109,3'567,32.1%
2017,Tessin,337,15'926,43.9%
2017,Waadt,283,19'250,42.1%
2017,Wallis,547,28'393,41.5%
2017,Neuenburg,60,2'140,30.4%
2017,Genf,121,15'308,54.6%
2017,Jura,69,1'632,18.4%
2016,Schweiz,4'411,246'432,41.6%
2016,Zürich,286,25'780,54.0%
2016,Bern,653,32'319,44.5%
2016,Luzern,188,12'467,45.3%
2016,Uri,76,2'559,28.5%
2016,Schwyz,89,4'070,38.3%
2016,Obwalden,61,4'227,41.6%
2016,Nidwalden,38,1'682,36.8%
2016,Glarus,45,1'490,25.4%
2016,Zug,31,2'105,38.5%
2016,Freiburg,110,4'107,30.5%
2016,Solothurn,75,3'084,35.4%
2016,Basel-Stadt,62,7'617,44.1%
2016,Basel-Landschaft,56,2'447,32.3%
2016,Schaffhausen,26,1'267,34.8%
2016,Appenzell-Ausserrhoden,52,1'575,23.4%
2016,Appenzell-Innerrhoden,37,1'768,27.3%
2016,St. Gallen,233,9'282,29.8%
2016,Graubünden,609,37'931,37.7%
2016,Aargau,150,5'379,36.5%
2016,Thurgau,114,3'670,32.0%
2016,Tessin,336,15'706,41.1%
2016,Waadt,281,18'845,41.6%
2016,Wallis,549,27'856,39.8%
2016,Neuenburg,60,2'146,29.7%
2016,Genf,122,15'340,52.3%
2016,Jura,72,1'711,18.1%
2015,Schweiz,4'509,247'625,41.7%
2015,Zürich,287,25'606,53.9%
2015,Bern,657,32'308,45.2%
2015,Luzern,190,12'325,46.5%
2015,Uri,79,2'650,27.6%
2015,Schwyz,96,4'351,38.8%
2015,Obwalden,61,4'203,45.6%
2015,Nidwalden,38,1'641,37.4%
2015,Glarus,45,1'558,24.5%
2015,Zug,31,2'076,44.4%
2015,Freiburg,119,4'310,29.5%
2015,Solothurn,76,3'032,36.5%
2015,Basel-Stadt,60,7'306,45.5%
2015,Basel-Landschaft,55,2'452,33.4%
2015,Schaffhausen,28,1'320,32.8%
2015,Appenzell-Ausserrhoden,53,1'600,21.7%
2015,Appenzell-Innerrhoden,38,1'814,26.2%
2015,St. Gallen,243,9'571,29.1%
2015,Graubünden,633,38'461,38.1%
2015,Aargau,152,5'238,37.6%
2015,Thurgau,124,3'846,30.7%
2015,Tessin,347,15'993,38.6%
2015,Waadt,282,18'210,41.3%
2015,Wallis,558,28'558,39.6%
2015,Neuenburg,64,2'219,28.3%
2015,Genf,121,15'249,53.2%
2015,Jura,72,1'726,17.9%
2014,Schweiz,4'554,246'449,42.2%
2014,Zürich,281,24'746,53.6%
2014,Bern,657,32'194,45.0%
2014,Luzern,188,12'265,44.1%
2014,Uri,79,2'658,28.1%
2014,Schwyz,95,4'286,39.5%
2014,Obwalden,64,4'233,42.5%
2014,Nidwalden,39,1'595,36.4%
2014,Glarus,49,1'539,25.0%
2014,Zug,32,2'151,43.9%
2014,Freiburg,118,4'278,31.0%
2014,Solothurn,76,2'917,36.4%
2014,Basel-Stadt,61,6'801,47.3%
2014,Basel-Landschaft,53,2'441,35.5%
2014,Schaffhausen,28,1'156,34.3%
2014,Appenzell-Ausserrhoden,52,1'538,24.3%
2014,Appenzell-Innerrhoden,38,1'826,28.4%
2014,St. Gallen,250,9'730,30.5%
2014,Graubünden,638,38'649,40.2%
2014,Aargau,155,5'157,37.5%
2014,Thurgau,125,3'746,32.8%
2014,Tessin,361,16'441,39.8%
2014,Waadt,288,17'744,42.3%
2014,Wallis,569,29'170,40.3%
2014,Neuenburg,66,2'264,29.9%
2014,Genf,120,15'186,53.2%
2014,Jura,73,1'739,17.9%
2013,Schweiz,4'662,246'489,41.9%
2013,Zürich,287,24'387,53.2%
2013,Bern,673,32'747,44.0%
2013,Luzern,190,11'694,43.9%
2013,Uri,78,2'536,27.3%
2013,Schwyz,99,4'426,38.6%
2013,Obwalden,67,4'314,40.5%
2013,Nidwalden,40,1'658,34.7%
2013,Glarus,51,1'570,24.2%
2013,Zug,33,2'094,41.0%
2013,Freiburg,122,4'353,30.8%
2013,Solothurn,78,2'798,38.4%
2013,Basel-Stadt,62,6'487,47.1%
2013,Basel-Landschaft,55,2'479,32.1%
2013,Schaffhausen,28,1'096,33.4%
2013,Appenzell-Ausserrhoden,54,1'526,23.3%
2013,Appenzell-Innerrhoden,41,1'902,26.5%
2013,St. Gallen,254,9'688,30.2%
2013,Graubünden,643,39'083,41.0%
2013,Aargau,164,5'267,37.3%
2013,Thurgau,127,3'704,31.9%
2013,Tessin,384,17'095,39.8%
2013,Waadt,292,17'351,42.5%
2013,Wallis,575,28'958,41.0%
2013,Neuenburg,70,2'368,28.9%
2013,Genf,121,15'152,52.3%
2013,Jura,74,1'755,17.9%
2012,Schweiz,4'742,246'951,40.8%
2012,Zürich,289,24'012,52.4%
2012,Bern,682,33'161,41.8%
2012,Luzern,188,11'365,43.5%
2012,Uri,83,2'663,25.8%
2012,Schwyz,101,4'475,37.5%
2012,Obwalden,73,4'580,36.7%
2012,Nidwalden,43,1'769,33.4%
2012,Glarus,50,1'616,23.1%
2012,Zug,33,1'874,42.9%
2012,Freiburg,129,4'315,30.0%
2012,Solothurn,77,2'816,36.1%
2012,Basel-Stadt,65,6'555,45.4%
2012,Basel-Landschaft,55,2'533,29.6%
2012,Schaffhausen,32,1'211,30.6%
2012,Appenzell-Ausserrhoden,57,1'571,23.1%
2012,Appenzell-Innerrhoden,42,1'962,25.8%
2012,St. Gallen,257,9'802,30.3%
2012,Graubünden,648,39'190,40.3%
2012,Aargau,166,5'406,35.7%
2012,Thurgau,127,3'673,31.6%
2012,Tessin,392,16'880,38.6%
2012,Waadt,300,17'326,40.2%
2012,Wallis,586,29'134,41.4%
2012,Neuenburg,72,2'460,26.9%
2012,Genf,124,14'823,52.0%
2012,Jura,74,1'779,17.5%
2011,Schweiz,4'773,245'072,41.9%
2011,Zürich,288,23'287,52.9%
2011,Bern,685,33'129,43.2%
2011,Luzern,190,11'211,43.4%
2011,Uri,84,2'689,28.2%
2011,Schwyz,105,4'621,39.9%
2011,Obwalden,72,4'332,38.9%
2011,Nidwalden,43,1'851,32.9%
2011,Glarus,52,1'623,24.0%
2011,Zug,33,1'874,44.8%
2011,Freiburg,126,4'144,29.5%
2011,Solothurn,77,2'801,35.9%
2011,Basel-Stadt,65,6'475,46.0%
2011,Basel-Landschaft,55,2'552,29.6%
2011,Schaffhausen,33,1'245,30.1%
2011,Appenzell-Ausserrhoden,61,1'713,23.8%
2011,Appenzell-Innerrhoden,41,1'856,27.5%
2011,St. Gallen,257,9'690,31.0%
2011,Graubünden,654,38'767,42.7%
2011,Aargau,165,5'319,37.0%
2011,Thurgau,125,3'549,32.4%
2011,Tessin,395,16'827,40.2%
2011,Waadt,310,17'744,41.2%
2011,Wallis,593,28'829,42.5%
2011,Neuenburg,70,2'423,26.9%
2011,Genf,124,14'798,52.7%
2011,Jura,73,1'725,17.5%
2010,Schweiz,4'827,245'251,42.9%
2010,Zürich,282,22'127,54.4%
2010,Bern,696,34'012,42.6%
2010,Luzern,191,11'407,43.1%
2010,Uri,87,2'692,27.4%
2010,Schwyz,106,4'657,39.5%
2010,Obwalden,72,4'381,41.2%
2010,Nidwalden,42,1'898,31.7%
2010,Glarus,54,1'647,26.7%
2010,Zug,31,1'799,43.1%
2010,Freiburg,122,4'039,28.4%
2010,Solothurn,79,2'968,34.8%
2010,Basel-Stadt,66,6'285,47.1%
2010,Basel-Landschaft,57,2'535,29.1%
2010,Schaffhausen,34,1'201,28.4%
2010,Appenzell-Ausserrhoden,65,1'779,24.6%
2010,Appenzell-Innerrhoden,42,1'937,26.4%
2010,St. Gallen,263,9'812,31.5%
2010,Graubünden,668,39'081,46.3%
2010,Aargau,165,5'261,36.7%
2010,Thurgau,124,3'528,33.0%
2010,Tessin,404,17'047,41.7%
2010,Waadt,310,17'544,42.5%
2010,Wallis,596,28'927,44.8%
2010,Neuenburg,70,2'398,27.9%
2010,Genf,127,14'774,52.1%
2010,Jura,74,1'515,16.3%
2009,Schweiz,4'866,241'635,42.6%
2009,Zürich,282,21'628,51.2%
2009,Bern,714,34'235,42.0%
2009,Luzern,191,10'953,42.3%
2009,Uri,91,2'780,27.4%
2009,Schwyz,104,4'528,38.9%
2009,Obwalden,72,4'404,39.1%
2009,Nidwalden,41,1'953,30.2%
2009,Glarus,56,1'651,26.5%
2009,Zug,31,1'596,44.3%
2009,Freiburg,118,4'044,27.6%
2009,Solothurn,83,2'974,33.6%
2009,Basel-Stadt,64,5'848,49.0%
2009,Basel-Landschaft,57,2'260,30.2%
2009,Schaffhausen,33,1'172,27.9%
2009,Appenzell-Ausserrhoden,66,1'752,26.2%
2009,Appenzell-Innerrhoden,41,1'863,28.8%
2009,St. Gallen,268,9'315,32.0%
2009,Graubünden,669,37'881,47.3%
2009,Aargau,168,5'325,35.7%
2009,Thurgau,123,3'444,32.2%
2009,Tessin,417,17'298,42.8%
2009,Waadt,309,17'115,41.4%
2009,Wallis,596,29'001,45.6%
2009,Neuenburg,72,2'479,26.2%
2009,Genf,130,14'635,50.0%
2009,Jura,74,1'501,17.3%
2008,Schweiz,4'924,241'345,44.5%
2008,Zürich,288,21'118,54.4%
2008,Bern,725,34'469,43.3%
2008,Luzern,193,10'962,45.1%
2008,Uri,91,2'775,28.2%
2008,Schwyz,110,4'660,41.1%
2008,Obwalden,71,4'239,44.0%
2008,Nidwalden,42,1'979,32.7%
2008,Glarus,53,1'640,26.3%
2008,Zug,31,1'531,49.6%
2008,Freiburg,119,4'044,28.4%
2008,Solothurn,82,2'964,35.4%
2008,Basel-Stadt,62,5'390,51.8%
2008,Basel-Landschaft,57,2'193,31.0%
2008,Schaffhausen,33,1'151,32.9%
2008,Appenzell-Ausserrhoden,65,1'732,26.9%
2008,Appenzell-Innerrhoden,41,1'714,30.2%
2008,St. Gallen,274,9'123,34.1%
2008,Graubünden,677,38'124,49.0%
2008,Aargau,167,5'344,38.2%
2008,Thurgau,121,3'316,34.5%
2008,Tessin,438,17'935,42.2%
2008,Waadt,316,17'230,44.0%
2008,Wallis,593,29'087,47.0%
2008,Neuenburg,72,2'505,27.2%
2008,Genf,132,14'668,53.9%
2008,Jura,73,1'453,16.4%
2007,Schweiz,4'954,241'019,43.6%
2007,Zürich,284,20'473,56.0%
2007,Bern,740,34'361,42.5%
2007,Luzern,189,10'766,45.4%
2007,Uri,90,2'738,28.0%
2007,Schwyz,110,5'043,35.9%
2007,Obwalden,72,4'173,43.9%
2007,Nidwalden,43,1'982,33.7%
2007,Glarus,52,1'587,25.5%
2007,Zug,31,1'530,48.6%
2007,Fribourg,121,4'146,26.7%
2007,Solothurn,80,2'901,35.8%
2007,Basel-Stadt,53,5'081,51.7%
2007,Basel-Landschaft,53,2'011,30.1%
2007,Schaffhausen,32,1'114,31.2%
2007,Appenzell-Ausserrhoden,64,1'708,25.1%
2007,Appenzell-Innerrhoden,40,1'707,29.5%
2007,St. Gallen,277,9'225,33.4%
2007,Graubünden,688,38'310,46.3%
2007,Aargau,166,5'232,38.4%
2007,Thurgau,123,3'424,32.9%
2007,Ticino,451,18'315,42.8%
2007,Vaud,325,17'389,41.9%
2007,Valais,594,29'383,44.6%
2007,Neuchâtel,72,2'368,27.8%
2007,Genève,129,14'552,54.5%
2007,Jura,74,1'499,15.6%
2006,Schweiz,4'967,240'429,41.7%
2006,Zürich,280,20'235,52.6%
2006,Bern,745,34'678,41.6%
2006,Luzern,190,10'350,43.2%
2006,Uri,87,2'679,25.4%
2006,Schwyz,111,5'060,32.8%
2006,Obwalden,73,4'169,44.0%
2006,Nidwalden,44,2'267,31.4%
2006,Glarus,53,1'570,26.7%
2006,Zug,31,1'517,45.8%
2006,Fribourg,124,4'142,24.8%
2006,Solothurn,81,2'751,32.8%
2006,Basel-Stadt,54,4'802,51.2%
2006,Basel-Landschaft,58,2'091,29.5%
2006,Schaffhausen,30,1'041,31.0%
2006,Appenzell-Ausserrhoden,65,1'731,24.6%
2006,Appenzell-Innerrhoden,43,1'828,26.4%
2006,St. Gallen,284,9'349,31.6%
2006,Graubünden,685,38'446,44.5%
2006,Aargau,166,5'188,35.4%
2006,Thurgau,125,3'546,30.5%
2006,Ticino,440,18'186,42.3%
2006,Vaud,333,17'591,39.9%
2006,Valais,591,29'063,42.9%
2006,Neuchâtel,75,2'445,24.6%
2006,Genève,127,14'218,51.3%
2006,Jura,73,1'487,16.3%